{
    "code": "STATUS",
    "result": {
        "step": 11918200,
        "wins": 531158
    },
    "actor": {
        "x": 0,
        "y": 0,
        "step": 2
    },
    "target": {
        "x": 1,
        "y": 1
    },
    "params": {
        "numStates": 4,
        "numActions": 4,
        "maxX": 7,
        "maxY": 7,
        "target": {
            "x": 6,
            "y": 6
        }
    },
    "spec": { "alpha": 0.03, "epsilon": 0.4, "learning_steps_per_iteration": 40, "experience_size": 10000, "gamma": 0.75 },
    "brain": {
        "nh": 100,
        "ns": 4,
        "na": 4,
        "net": {
            "W1": {
                "n": 100,
                "d": 4,
                "w": {
                    "0": -0.03238120752012704,
                    "1": -0.027849269758390353,
                    "2": 0.14155569800257323,
                    "3": 0.18098914709992697,
                    "4": 0.10862541008672243,
                    "5": -0.0746083741117566,
                    "6": 0.0017289669945478436,
                    "7": -0.04303210791634647,
                    "8": 0.03581307055615651,
                    "9": 0.01802804347812893,
                    "10": 0.1131744130913018,
                    "11": 0.04368958845965319,
                    "12": 0.05542208174086627,
                    "13": 0.012408261789867965,
                    "14": -0.010749127583622512,
                    "15": -0.009592933805887492,
                    "16": 0.033470148174689206,
                    "17": 0.033847416573230135,
                    "18": -0.10194006845799465,
                    "19": -0.06814015338059513,
                    "20": 0.0399017439130636,
                    "21": 0.049356751899704863,
                    "22": -0.003535574773135019,
                    "23": 0.008329992757804177,
                    "24": -17.1705163958465,
                    "25": 0.29028582526627356,
                    "26": -0.02669314019290984,
                    "27": 0.03276365702151822,
                    "28": -0.05414485718350397,
                    "29": 0.05798016412284296,
                    "30": 0.01784479403656283,
                    "31": 0.0696523835808978,
                    "32": -0.08034025110580524,
                    "33": -0.030402046181721678,
                    "34": -0.00003485596926093259,
                    "35": -0.01659524576967235,
                    "36": -0.08991910477066863,
                    "37": 0.0012297413172224281,
                    "38": -0.006875057876326686,
                    "39": -0.018009099712597065,
                    "40": -0.040434848647194106,
                    "41": -0.0445204241191145,
                    "42": 0.04432276007278571,
                    "43": 0.00023108438526281603,
                    "44": -0.09008739090964911,
                    "45": -0.03019750449229663,
                    "46": -0.057492474432708385,
                    "47": -0.07770068105907926,
                    "48": -0.046362516255602455,
                    "49": -0.04689700773967252,
                    "50": 0.009998193216144214,
                    "51": -0.033196334830046914,
                    "52": 0.02879268429835382,
                    "53": 0.0400998922540629,
                    "54": -17.27262768387786,
                    "55": -2.7127794668460394,
                    "56": -0.02829246048000422,
                    "57": -0.0032855650341682384,
                    "58": -0.09305517610167809,
                    "59": -0.035948451612280614,
                    "60": -0.00696699024217467,
                    "61": 0.038853359223893914,
                    "62": 0.004533787873481046,
                    "63": 0.031197211759667533,
                    "64": 0.0380691862890771,
                    "65": 0.05258101100858905,
                    "66": -0.11199006490829841,
                    "67": -0.08741885024589496,
                    "68": -0.019838363589927816,
                    "69": 0.020489952243305437,
                    "70": 0.0003192730577959301,
                    "71": 0.007490274719113322,
                    "72": -0.08434185917199669,
                    "73": -0.016025885233617206,
                    "74": -0.004091712206210559,
                    "75": -0.009104484953159315,
                    "76": 0.03446090822252239,
                    "77": -0.048144234674243586,
                    "78": 0.0374470284745605,
                    "79": 0.04720657690372653,
                    "80": -0.05906394270562272,
                    "81": -0.019588363075311657,
                    "82": -0.029849850126856037,
                    "83": -0.038730916093018465,
                    "84": 0.015715024109512466,
                    "85": -0.029926935350512864,
                    "86": -0.007004976426240706,
                    "87": 0.0271062074240265,
                    "88": 0.6786007730831916,
                    "89": 0.545361970848196,
                    "90": 0.7498178651326852,
                    "91": 1.1555529819509534,
                    "92": 0.032106544911207055,
                    "93": 0.054381766922485794,
                    "94": -10.097997366186922,
                    "95": -1.7968051019470876,
                    "96": -0.08302747927523638,
                    "97": 0.011119903166733584,
                    "98": -0.01956088955797257,
                    "99": -0.033689857878748675,
                    "100": -0.057158365675706285,
                    "101": 0.11550272841654305,
                    "102": -0.04540247329702399,
                    "103": 0.02632259396654699,
                    "104": 0.04263741992163651,
                    "105": -0.0024550098895851106,
                    "106": 0.20343807672208997,
                    "107": 0.11901791626983517,
                    "108": -0.055877041944594585,
                    "109": -0.0003332066899276761,
                    "110": -0.05929383914889834,
                    "111": -0.07809487963570425,
                    "112": -0.04815193672446043,
                    "113": 0.0330239462841799,
                    "114": -0.02535807840010739,
                    "115": 0.002490006116721071,
                    "116": 0.03295242665311844,
                    "117": -0.046776057913823464,
                    "118": 0.014198432830493981,
                    "119": -0.02647973869868234,
                    "120": 0.08478073048056366,
                    "121": 0.028155837474424697,
                    "122": 0.08853353476469689,
                    "123": 0.04675924081016735,
                    "124": 0.0983211153504947,
                    "125": -0.13341756980476302,
                    "126": 0.019736489003929172,
                    "127": -0.0946713498302957,
                    "128": 0.02301945892721548,
                    "129": -0.0097355970929124,
                    "130": -0.015169599619683389,
                    "131": 0.008110004629159178,
                    "132": -0.01521458034248334,
                    "133": -0.01211486855342924,
                    "134": -0.12154827390758771,
                    "135": -0.031354851337879804,
                    "136": -0.015093089150534224,
                    "137": 0.04243587631272326,
                    "138": 0.01041831504818436,
                    "139": -0.01451138000698049,
                    "140": 0.08830323457522586,
                    "141": -0.02270302162005269,
                    "142": 0.030091000977142793,
                    "143": 0.0315429276815845,
                    "144": -0.05342459621252645,
                    "145": -0.07291817807788466,
                    "146": -0.05227199092867087,
                    "147": -0.00845129127615825,
                    "148": -0.10005060465092004,
                    "149": -0.03510003131641728,
                    "150": 5.386242570851771,